prediction_id,sector,old_fund_code,old_fund_name,new_fund_code,new_fund_name,reset_verified
60,人工智能,515000,科技ETF华宝,515070,人工智能ETF华夏,False
310,人工智能,515000,科技ETF华宝,515070,人工智能ETF华夏,True
325,人工智能,515000,科技ETF华宝,515070,人工智能ETF华夏,True
537,人工智能,515000,科技ETF华宝,515070,人工智能ETF华夏,False
539,人工智能,515000,科技ETF华宝,515070,人工智能ETF华夏,False
541,人工智能,515000,科技ETF华宝,515070,人工智能ETF华夏,True
618,光伏,516160,新能源ETF南方,159857,光伏ETF天弘,False
683,光伏,516160,新能源ETF南方,159857,光伏ETF天弘,False
871,人工智能,515000,科技ETF华宝,515070,人工智能ETF华夏,True
926,人工智能,515000,科技ETF华宝,515070,人工智能ETF华夏,False
928,人工智能,515000,科技ETF华宝,515070,人工智能ETF华夏,True
992,光伏,516160,新能源ETF南方,159857,光伏ETF天弘,True
996,光伏,515000,科技ETF华宝,159857,光伏ETF天弘,False
1014,光伏,516160,新能源ETF南方,159857,光伏ETF天弘,True
1071,光伏,516160,新能源ETF南方,159857,光伏ETF天弘,True
1074,光伏,516160,新能源ETF南方,159857,光伏ETF天弘,False
1136,光伏,516160,新能源ETF南方,159857,光伏ETF天弘,True
1140,人工智能,515000,科技ETF华宝,515070,人工智能ETF华夏,True
1197,人工智能,515000,科技ETF华宝,515070,人工智能ETF华夏,False
1198,人工智能,515000,科技ETF华宝,515070,人工智能ETF华夏,True
1207,光伏,515000,科技ETF华宝,159857,光伏ETF天弘,False
1217,人工智能,515000,科技ETF华宝,515070,人工智能ETF华夏,True
1231,光伏,516160,新能源ETF南方,159857,光伏ETF天弘,True
1238,京A,000725,京东方Ａ,012765,广发大盘价值混合A,False
1286,光伏,516160,新能源ETF南方,159857,光伏ETF天弘,True
1291,光伏,516160,新能源ETF南方,159857,光伏ETF天弘,True
1319,人工智能,515000,科技ETF华宝,515070,人工智能ETF华夏,True
1321,光伏,516160,新能源ETF南方,159857,光伏ETF天弘,True
1325,京A,002273,,012765,广发大盘价值混合A,True
1344,光伏,515000,科技ETF华宝,159857,光伏ETF天弘,True
1358,人工智能,515000,科技ETF华宝,515070,人工智能ETF华夏,False
1394,光伏,516160,新能源ETF南方,159857,光伏ETF天弘,True
1429,人工智能,515000,科技ETF华宝,515070,人工智能ETF华夏,True
1479,光伏,516160,新能源ETF南方,159857,光伏ETF天弘,True
1517,光伏,516160,新能源ETF南方,159857,光伏ETF天弘,True
1557,人工智能,515000,科技ETF华宝,515070,人工智能ETF华夏,False
1578,人工智能,515000,科技ETF华宝,515070,人工智能ETF华夏,True
1581,人工智能,515000,科技ETF华宝,515070,人工智能ETF华夏,True
1589,光伏,516160,新能源ETF南方,159857,光伏ETF天弘,True
1646,人工智能,515000,科技ETF华宝,515070,人工智能ETF华夏,True
1783,人工智能,515000,科技ETF华宝,515070,人工智能ETF华夏,True
1801,光伏,516160,新能源ETF南方,159857,光伏ETF天弘,True
1833,人工智能,515000,科技ETF华宝,515070,人工智能ETF华夏,False
1889,人工智能,515000,科技ETF华宝,515070,人工智能ETF华夏,False
1920,人工智能,515000,科技ETF华宝,515070,人工智能ETF华夏,True
1954,人工智能,515000,科技ETF华宝,515070,人工智能ETF华夏,True
1965,人工智能,515000,科技ETF华宝,515070,人工智能ETF华夏,True
2003,人工智能,515000,科技ETF华宝,515070,人工智能ETF华夏,False
2006,光伏,516160,新能源ETF南方,159857,光伏ETF天弘,True
2041,光伏,515000,科技ETF华宝,159857,光伏ETF天弘,True
2096,人工智能,515000,科技ETF华宝,515070,人工智能ETF华夏,True
2113,光伏,516160,新能源ETF南方,159857,光伏ETF天弘,False
2149,光伏,516160,新能源ETF南方,159857,光伏ETF天弘,True
2202,光伏,516160,新能源ETF南方,159857,光伏ETF天弘,True
2233,人工智能,515000,科技ETF华宝,515070,人工智能ETF华夏,True
2237,光伏,516160,新能源ETF南方,159857,光伏ETF天弘,True
2243,A股,159527,云计算ETF广发,515440,A股ETF南方,True
2288,保险,512890,红利低波ETF华泰柏瑞,512070,证券保险ETF易方达,True
2290,人工智能,515000,科技ETF华宝,515070,人工智能ETF华夏,True
2291,光伏,516160,新能源ETF南方,159857,光伏ETF天弘,True
2303,A股,515000,互联网ETF,515440,A股ETF南方,True
2304,A股,515000,互联网ETF,515440,A股ETF南方,True
2322,光伏,515000,科技ETF华宝,159857,光伏ETF天弘,True
2382,人工智能,515000,科技ETF华宝,515070,人工智能ETF华夏,True
2415,人工智能,515000,科技ETF华宝,515070,人工智能ETF华夏,True
2437,人工智能,515000,科技ETF华宝,515070,人工智能ETF华夏,True
2459,光伏,516160,新能源ETF南方,159857,光伏ETF天弘,True
2482,人工智能,515000,科技ETF华宝,515070,人工智能ETF华夏,True
2483,人工智能,515000,科技ETF华宝,515070,人工智能ETF华夏,False
2510,A股,159527,云计算ETF广发,515440,A股ETF南方,False
2538,人工智能,515000,科技ETF华宝,515070,人工智能ETF华夏,True
2544,人工智能,515000,科技ETF华宝,515070,人工智能ETF华夏,True
2580,光伏,516160,新能源ETF南方,159857,光伏ETF天弘,True
2599,人工智能,515000,科技ETF华宝,515070,人工智能ETF华夏,True
2602,光伏,516160,新能源ETF南方,159857,光伏ETF天弘,True
2612,光伏,515000,科技ETF华宝,159857,光伏ETF天弘,True
2629,A股,515000,科技ETF华宝,515440,A股ETF南方,True
2658,人工智能,515000,科技ETF华宝,515070,人工智能ETF华夏,True
2681,光伏,516160,新能源ETF南方,159857,光伏ETF天弘,False
2691,人工智能,515000,科技ETF华宝,515070,人工智能ETF华夏,True
2708,光伏,516160,新能源ETF南方,159857,光伏ETF天弘,False
2806,光伏,516160,新能源ETF南方,159857,光伏ETF天弘,True
2817,光伏,516160,新能源ETF南方,159857,光伏ETF天弘,False
2833,人工智能,515000,科技ETF华宝,515070,人工智能ETF华夏,True
2871,人工智能,515000,科技ETF华宝,515070,人工智能ETF华夏,False
2872,光伏,516160,新能源ETF南方,159857,光伏ETF天弘,True
2889,光伏,516160,新能源ETF南方,159857,光伏ETF天弘,True
2908,光伏,516160,新能源ETF南方,159857,光伏ETF天弘,True
2915,A股,159527,云计算ETF广发,515440,A股ETF南方,True
2918,人工智能,515000,科技ETF华宝,515070,人工智能ETF华夏,True
2940,人工智能,515000,科技ETF华宝,515070,人工智能ETF华夏,True
2987,人工智能,515000,科技ETF华宝,515070,人工智能ETF华夏,False
2997,场内第一持仓,159527,云计算ETF广发,510300,沪深300ETF华泰柏瑞,False
3015,人工智能,515000,科技ETF华宝,515070,人工智能ETF华夏,False
3026,光伏,516160,新能源ETF南方,159857,光伏ETF天弘,True
3037,人工智能,515000,科技ETF华宝,515070,人工智能ETF华夏,True
3071,人工智能,515000,科技ETF华宝,515070,人工智能ETF华夏,False
3078,光伏,516160,新能源ETF南方,159857,光伏ETF天弘,True
3098,人工智能,515000,科技ETF华宝,515070,人工智能ETF华夏,True
3103,光伏,516160,新能源ETF南方,159857,光伏ETF天弘,True
3147,保险,512890,红利低波ETF华泰柏瑞,512070,证券保险ETF易方达,True
3151,矿泉水,159928,消费ETF汇添富,515170,食品饮料ETF华夏,False
3155,人工智能,515000,科技ETF华宝,515070,人工智能ETF华夏,True
3181,光伏,516160,新能源ETF南方,159857,光伏ETF天弘,True
3185,人工智能,515000,科技ETF华宝,515070,人工智能ETF华夏,False
3193,光伏,516160,新能源ETF南方,159857,光伏ETF天弘,True
3206,人工智能,515000,科技ETF华宝,515070,人工智能ETF华夏,True
3217,光伏,516160,新能源ETF南方,159857,光伏ETF天弘,True
3220,光伏,516160,新能源ETF南方,159857,光伏ETF天弘,True
3230,光伏,516160,新能源ETF南方,159857,光伏ETF天弘,True
3233,人工智能,515000,科技ETF华宝,515070,人工智能ETF华夏,False
3246,光伏,516160,新能源ETF南方,159857,光伏ETF天弘,False
3270,美债,000801,,511100,国债ETF华夏,True
3309,光伏,515000,科技ETF华宝,159857,光伏ETF天弘,True
3334,人工智能,515000,科技ETF华宝,515070,人工智能ETF华夏,True
